insert into `users` (`username`, `first_name`,`last_name`,`phone_number`, `email`,`hashed_password`,`cryptosalt`,`description`) values
('abradolflincler', 'Abe', 'Licoln', '5554812461', 'abradolflincler@gmail.com', 'wabalabadubdub', 0, ''),
('autobot_test', 'bobautobot', 'autobot', '', 'mrautobot@colorado.edu', 'auto', 0, ''),
('Cass', 'Cassie', 'S', '', 'cass@me.com', 'Cass1234', 0, ''),
('Clough2017', 'Carol', 'Loughlin', '', 'carolloughlin@comcast.net', '4PlanitPass', 0, ''),
('d0lphingirl', 'Katie', 'Moll', '7204417891', 'katie.m@yahoo.com', 'SuperCoolPassword', 0, 'What description'),
('Derek Tran', 'Derek', 'Tran', '', 'DROCK7940@gmail.com', 'Derek7940', 0, ''),
('jackblack2', 'jack', 'patel', '6107815897', 'jack.is.back@gmail.com', '12345', 0, ''),
('jimloughlin', 'Jim', 'Loughlin', '', 'jimloughlin@gmail.com', 'welcome', 0, ''),
('john1', 'john', 'doe', '6104899070', 'johndoe@gmail.com', 'password', 0, 'I don\'t exist'),
('klen', 'Kaelan', 'Patel', '7204896610', 'kaelan.patel@colorado.edu', 'moon', 0, 'I won\'t get hacked'),
('klen2', 'Kaelan', 'Patel', '', 'dank@memes.co.uk', 'sun', 0, ''),
('mema0341', 'Melissa', 'Mantey', '2345677865', 'melissa.mantey@colorado.edu', 'spring2017', 0, ''),
('mrmeeseeks', 'Mr', 'Meeseeks', '9119996611', 'mrmeeseeks@colorado.edu', 'lookatme!', 0, 'Everyone except Jerry'),
('My will to live is as much as Pluto is a', 'Derek', 'Tran', '', 'detr5501@colorado.edu', 'nonexsistent', 0, ''),
('nick', 'Nick', 'Palmer', '7203569875', 'Nicholas.palmer@colorado.edu', '12', 0, 'What\'s Hitler\'s last name?'),
('PP:))))))', 'Private', 'Parts', '', 'private.parts@thearmy.gov', 'kaelanmademedothis', 0, ''),
('scarolac', 'Chris', 'Scarola', '9119991199', 'scarolac@colorado.edu', '12', 0, ''),
('sophiel', 'Sophie', 'Loughlin', '7207718134', 'sophia.loughlin@colorado.edu', 'bestpasswordever', 0, ''),
('thisguy', 'somebody', 'stuff', '', 'somebody@place.com', '12', 0, ''),
('uranus_explorer', 'John', 'Stibbards', '', 'john.stibbards@colorado.edu', '1234', 0, ''),
('Willdloughlin', 'Will', 'Loughlin', '', 'willdloughlin@gmail.com', 'Sara123', 0, '');

insert into `calendar` (`username`, `description`,`item_name`,`start_time`, `end_time`,`optional_location`,`repeats`) values
('mema0341', 'Microelectronics Homework 5.10,5.44,5.65,5.80', 'homework', '2017-11-01 17:00:00', '2017-11-01 19:00:00', 'SRC', 0),
('mema0341', 'do homework for energy conversion', 'homework', '2017-11-01 17:00:00', '2017-11-01 19:00:00', 'Math Library', 0),
('mema0341', 'do homework for microelectronics', 'homework', '2017-11-01 17:00:00', '2017-11-01 19:00:00', 'SRC', 0),
('klen', 'eat lunch', 'homework', '2017-10-31 12:00:00', '2017-12-31 13:00:00', 'Math Library', 0),
('mema0341', 'grade discrete math homeworks discretely', 'work', '2017-11-01 17:00:00', '2017-11-01 19:00:00', 'Secret Lab', 0),
('npalmer', 'work on homework', 'homework', '2017-11-01 20:00:00', '2017-11-04 00:00:00', 'engineering center', 0),
('mrmeeseeks', 'work on homework', 'project', '2017-11-01 17:00:00', '2018-11-01 20:00:00', 'engineering center', 0),
('abradolflincler', 'eat breakfast', 'eat', '2017-10-31 08:00:00', '2017-12-31 09:00:00', 'home', 0),
('d0lphingirl', 'go to work for money', 'work', '2017-10-31 08:00:00', '2017-11-01 17:00:00', 'workplace, obviously', 0),
('jackblack2', 'go to work for money', 'work', '2017-11-01 17:00:00', '2018-11-01 22:00:00', 'workplace, obviously', 0),
('scarolac', 'CSCI 3104', 'Algorithms', '2017-08-28 13:00:00', '2017-12-14 14:00:00', 'ECCR 200', 1 3 5),
('scarolac', 'APPM 4570', 'Statistics', '2017-08-28 14:00:00', '2017-12-14 15:00:00', 'ECCR 151', 1 3 5),
('scarolac', 'CSCI 3308', 'Software Development', '2017-08-28 15:00:00', '2017-12-14 16:00:00', 'FLMG 104', 1 5),
('scarolac', 'SPAN 1010', 'Spanish', '2017-08-28 09:00:00', '2017-12-14 10:00:00', 'HLMS 191', 1 2 3 4 5),
('scarolac', 'WRTG 3035', 'Technical Communication and Design', '2017-08-28 11:00:00', '2017-12-14 12:00:00', 'HUMN 160', 1 3 5),
('scarolac', 'CSCI 3104', 'Algorithms Recitation', '2017-08-28 17:00:00', '2017-12-14 18:00:00', 'ECCR 110', 3),
('scarolac', 'CSCI 3308', 'Software Development Lab', '2017-08-28 17:00:00', '2017-12-14 19:00:00', 'ECCE 141', 2),
('klen', 'CSCI 2824', 'class', '2017-01-01 10:00:00', '2017-12-15 11:00:00', 'ECOT', 1 3 5),
('klen', 'CHIN 1010', 'class', '2017-01-01 11:00:00', '2017-12-15 12:00:00', 'EATON', 1 2 3 4 5),
('klen', 'CSCI 2400', 'class', '2017-01-01 14:00:00', '2017-12-15 15:00:00', 'CHEM', 1 3 5),
('klen', 'CSCI 3308', 'class', '2017-01-01 15:00:00', '2017-12-15 16:00:00', 'FLEMING', 1 5),
('npalmer', 'Discrete Structures', 'Class', '2017-12-02 10:00:00', '2017-12-31 11:00:00', 'Humanities Building', 1 3 5),
('npalmer', 'Computer Systems', 'Class', '2017-12-02 14:00:00', '2017-12-31 15:00:00', 'CHEM 140', 1 3 5),
('npalmer', 'Software Dev', 'Class', '2017-12-04 15:00:00', '2017-12-31 16:00:00', 'Flemming', 1 5),
('npalmer', 'ASL', 'Class', '2017-12-02 17:00:00', '2017-12-31 19:00:00', 'Ketchum', 1 3),
('npalmer', 'Software Dev Lab', 'Lab', '2017-12-02 17:00:00', '2017-12-31 18:30:00', 'ECCR', 2),
('npalmer', 'Work/Study', 'Work/Study', '2017-12-02 10:00:00', '2017-12-31 16:00:00', 'My Apartment', 2 4),
('mema0341', 'Work on mesh network for autonomous vehicles and do stupid ethics quizzes', 'Capstone', '2017-12-05 09:30:00', '2017-12-21 12:15:00', 'Electrical Engineering Basement', 2 4),
('mema0341', 'Writing in Physics', 'Writing in Physics', '2017-12-05 15:30:00', '2017-12-21 16:45:00', 'Duane', 2 4),
('mema0341', 'My Office Hours', 'My Office Hours', '2017-12-05 12:30:00', '2017-12-21 14:30:00', 'EC', 1),
('mema0341', 'My Office Hours', 'My Office Hours', '2017-12-05 12:30:00', '2017-12-21 14:30:00', 'EC', 2),
('mema0341', 'Soft Dev Lab', 'Soft Dev Lab', '2017-12-05 17:00:00', '2017-12-21 19:00:00', 'EC', 2),
('mema0341', 'Energy Conversion', 'Energy Conversion', '2017-12-05 09:00:00', '2017-12-21 10:00:00', 'EC', 1 3 5),
('mema0341', 'Microelectronics', 'Microelectronics', '2017-12-04 12:00:00', '2017-12-21 13:00:00', 'EC', 1 3 5),
('mema0341', 'Algorithms Recitation', 'Algorithms Recitation', '2017-12-06 16:00:00', '2017-12-21 17:00:00', 'EC', 3),
('mema0341', 'Grading', 'Grading', '2017-12-07 14:00:00', '2017-12-21 15:30:00', 'EC', 4),
('mema0341', 'Soft Dev Lecture', 'Soft Dev Lecture', '2017-12-04 15:00:00', '2017-12-21 16:00:00', 'I forget name of building', 1 5),
('mema0341', 'Algorithms', 'Algorithms', '2017-12-04 13:00:00', '2017-12-21 14:00:00', 'EC/at home', 1 3 5),
('sophiel', 'GEOL 1010', 'Intro to Geology', '2017-12-11 10:00:00', '2017-12-15 11:00:00', 'Benson Earth Sciences', 1 3 5),
('sophiel', 'CSCI 2824', 'Discrete Structures', '2017-12-11 11:00:00', '2017-12-16 12:00:00', 'Clare Small', 1 3 5),
('sophiel', 'CSCI ????', 'Computer Systems', '2017-12-11 14:00:00', '2017-12-16 14:50:00', 'CHEM ', 1 3 5),
('sophiel', 'CSCI 3308', 'Software Dev', '2017-12-11 15:00:00', '2017-12-16 16:00:00', 'Fleming', 1 5),
('sophiel', 'CSCI 3308', 'Software Dev Lab', '2017-12-12 17:00:00', '2017-12-13 19:00:00', 'Engineering Center', 2),
('sophiel', 'CSCI ????', 'Computer Systems Recitation', '2017-12-13 16:00:00', '2017-12-14 17:00:00', 'Duane', 3),
('sophiel', 'CSCI 2820', 'Linear Algebra', '2017-12-12 14:00:00', '2017-12-15 15:15:00', 'Engineering Center', 2 4),
('sophiel', 'Robosub Software Meeting', 'Robotics', '2017-12-14 18:00:00', '2017-12-21 19:30:00', 'Robotics Lab', 4),
('scarolac', 'CSCI 3155 Principles of Programming Languages', 'class', '2018-01-16 11:00:00', '2018-05-03 11:50:00', 'HALE 270', 2 4),
('scarolac', 'CSCI 3155 Recitation', 'class', '2018-01-16 17:00:00', '2018-05-03 17:50:00', 'ECCR 151', 3),
('scarolac', 'CSCI 3202 Aritificial Intelligence', 'class', '2018-01-16 16:00:00', '2018-05-03 16:50:00', 'ECCR 200', 1 3 5),
('scarolac', 'CSCI 3753 Operation Systems', 'class', '2018-01-16 09:00:00', '2018-05-03 09:50:00', 'VAC 1B20', 1 3 5),
('scarolac', 'CSCI 3753 Recitation', 'class', '2018-01-16 11:00:00', '2018-05-03 11:50:00', 'KOBL 102', 5),
('scarolac', 'CSCI 4831 Machine Learning', 'class', '2018-01-16 14:00:00', '2018-05-03 14:50:00', 'RAMY N1B23', 1 3 5),
('scarolac', 'SPAN 1020 Beginning Spanish 2', 'class', '2018-01-16 13:00:00', '2018-05-03 13:50:00', 'EDUC 138', 1 2 3 4 5),
('klen2', 'Chinese', 'Class', '2018-01-16 10:00:00', '2018-05-03 11:00:00', 'HLMS 191', 1 2 3 4),
('klen2', 'Linear Algebra', 'Class', '2018-01-15 14:00:00', '2018-05-03 15:00:00', 'FLMG 154', 1 3 5),
('klen2', 'HCC', 'Class', '2018-01-16 11:00:00', '2018-05-03 12:15:00', 'ECCR 265', 2 4),
('klen2', 'Algorithms', 'Class', '2018-01-16 12:30:00', '2018-05-03 13:45:00', 'CHEM 140', 2 4),
('klen2', 'Algorithms Recitation', 'Class', '2018-01-16 09:00:00', '2018-05-03 10:00:00', 'KOBL 220', 5),
('klen2', 'Pedagogy', 'Class', '2018-01-16 17:00:00', '2018-05-03 18:00:00', 'IDK', 4);

insert into `user_settings` (`username`,`friend_visible`,`public_visible`,`default_avatar_color`,`username_viewable`,`public_email`,`public_phonenumber`) values
('abradolflincler', 0, 0, 'default', 0, 0, 0),
('autobot_test', 1, 1, 'default', 1, 0, 0),
('Cass', 1, 1, 'default', 1, 0, 0),
('Clough2017', 1, 1, 'default', 1, 0, 0),
('d0lphingirl', 0, 0, 'default', 0, 0, 0),
('Derek Tran', 1, 1, 'red', 1, 0, 0),
('jackblack2', 0, 0, 'default', 0, 0, 0),
('jimloughlin', 1, 1, 'default', 1, 0, 0),
('john1', 0, 0, 'default', 0, 0, 0),
('klen', 1, 1, 'green', 1, 0, 0),
('klen2', 1, 1, 'default', 1, 0, 0),
('mema0341', 0, 0, 'default', 0, 0, 0),
('mrmeeseeks', 0, 0, 'default', 0, 0, 0),
('My will to live is as much as Pluto is a', 1, 1, 'default', 1, 0, 0),
('npalmer', 0, 0, 'default', 0, 0, 0),
('PP:))))))', 1, 1, 'default', 1, 0, 0),
('scarolac', 0, 0, 'default', 0, 0, 0),
('sophiel', 0, 0, 'default', 0, 0, 0),
('thisguy', 1, 1, 'default', 1, 0, 0),
('uranus_explorer', 1, 1, 'default', 1, 0, 0),
('Willdloughlin', 1, 1, 'default', 1, 0, 0);

insert into `groups` (`group_name`) values
('group!'),
('shady'),
('just me'),
('us fools'),
('Abradolflincler\'s Study Group'),
('ECEN 3250 Micro Study Group'),
('Sophie\'s Study Group'),
('Production Number 4'),
('shady!'),
('Planit Devs'),
('help'),
('2'),
('xD_Splorers');

insert into `groups_join_users` (`group_id`,`username`) values
(1, 'abradolflincler'),
(1, 'klen'),
(1, 'john1'),
(2, 'john1'),
(2, 'jackblack2'),
(2, 'mrmeeseeks'),
(3, 'sophiel'),
(4, 'sophiel'),
(4, 'mema0341'),
(4, 'klen'),
(4, 'scarolac'),
(10, 'npalmer'),
(10, 'mema0341'),
(10, 'klen'),
(4, 'npalmer'),
(13, 'uranus_explorer'),
(13, 'Derek Tran'),
(13, 'scarolac');

insert into `tasks` (`username`,`task_name`,`deadline`,`description`,`ETA`,`complete`) values
('scarolac', 'the usual', '2017-11-02 12:01:00', 'open the country, stop having it be closed', 'whenever', 0),
('npalmer', 'forget', '2017-11-02 17:30:00', 'forget hitlers last name', 'yea, he did', 1),
('klen', 'pie', '2017-11-10 15:00:00', 'quit while im ahead', 'last friday', 0),
('john1', 'test1', '2017-12-01 12:00:00', 'testing testing 123', 'never', 0),
('john1', 'test2', '2017-12-01 12:00:00', 'testing testing 123', 'never', 0),
('john1', 'test3', '2017-12-01 12:00:00', 'testing testing 123', 'never', 0),
('john1', 'test4', '2017-12-01 12:00:00', 'testing testing 123', 'never', 0),
('john1', 'test5', '2017-12-01 12:00:00', 'testing testing 123', 'never', 1),
('mema0341', 'automatedtask', '2017-12-02 23:55:00', 'automatedtaskdescription', '3 hours', 0),
('scarolac', 'Homework', '2017-12-20 17:00:00', 'Build this stupid website', 'Too long', 0),
('npalmer', 'Do shell lab', '2017-12-11 00:00:00', 'Shell lab ', '10 hours', 1),
('mema0341', 'automatedtask', '2017-12-02 23:55:00', 'automatedtaskdescription', '3 hours', 0),
('sophiel', 'Finish shell lab', '2017-12-11 09:00:00', 'Finish it!', 'Tomorrow', 0),
('sophiel', 'Present Planit', '2017-12-11 15:00:00', 'Do presentation', 'Sunday', 0),
('npalmer', 'Present on Planit', '2017-12-11 15:00:00', 'Tell class about the Tragedy of Darth Plagius The wise', '8 Minutes', 0),
('klen', 'sofjskdh', '1221-02-23 02:31:20', 'kdkhkfgjlk', 'SDJHKJ', 0),
('npalmer', 'Finish Planit App', '2017-12-11 15:00:00', 'Finish building out core features.', '10 Hours', 0),
('npalmer', 'Watch other presentations', '2017-12-11 16:00:00', 'Watch other Software Development Group Presentations', '1 Hour', 0),
('klen', 'Hello', '3123-02-12 12:32:11', 'To be fair, you have to have a very high IQ to understand Planit. The calendar is extremely subtle, and without a solid grasp of javascript ', '21312', 1),
('npalmer', 'Be sad', '2017-12-11 15:08:00', 'Nobody knows the Tragedy of Darth Plagius the Wise apparently...', 'Forever', 0),
('jimloughlin', 'call Subaru dealer', '2017-12-12 11:59:00', 'schedule meeting with Diane', 'Not sure what this is.', 0);

insert into `group_tasks` (`group_id`,`description`, `item_name`,`start_time`, `end_time`,`optional_location`) values
(1, 'do stuff', 'stuff', '2017-11-02 12:00:00', '2017-11-02 12:01:00', 'EC'),
(1, 'eat lunch', 'eat', '2017-11-02 12:01:00', '2017-10-28 13:00:00', 'home'),
(2, '4.1,4.20,4.30,4.33', 'homework', '2017-11-01 17:00:00', '2017-11-01 19:00:00', 'SRC'),
(2, '5.10,5.44,5.65,5.80', 'homework', '2017-11-01 17:00:00', '2017-11-01 19:00:00', 'SRC'),
(3, 'study', 'homework', '2017-11-03 09:00:00', '2017-11-03 11:00:00', 'SRC'),
(4, 'Create useable database and entity relationship diagram', 'project', '2017-11-01 17:00:00', '2017-11-01 19:00:00', 'ITLL'),
(4, 'Milestone 1', 'project', '2017-11-01 17:00:00', '2017-11-01 18:00:00', 'ITLL'),
(4, 'Milestone 2', 'project', '2017-11-01 17:00:00', '2017-11-01 18:00:00', 'ITLL'),
(4, 'Milestone 4', 'project', '2017-11-01 17:00:00', '2017-11-01 18:00:00', 'ITLL');

